cluster,size,avg_similarity,median_resolution_hours,high_priority_ratio
1,1613,0.4732191499513357,0.7916666666666667,0.5102293862368258
5,1063,0.6270670580619132,0.3083333333333333,0.4948259642521166
0,2568,0.1999791870700127,0.2666666666666666,0.4937694704049844
3,1100,0.6243507049030174,-0.0833333333333333,0.5
2,1551,0.468293968349329,-0.4249999999999999,0.5087040618955513
4,574,1.0000000000000002,-0.75,0.4494773519163763
