Ticket Priority,Avg_Resolution_Time_Hours
High,8.074835680751173
Low,7.947405189620759
Medium,7.171358748778104
Critical,7.147014260249554
