cluster,cluster_size,avg_similarity
0,2568,0.1999791870700127
1,1613,0.4732191499513357
2,1551,0.468293968349329
3,1100,0.6243507049030174
4,574,1.0000000000000002
5,1063,0.6270670580619132
