Priority,Average Resolution Time (hours)
High,8.074835680751173
Medium,7.171358748778104
Low,7.947405189620759
