Product Purchased,Average Resolution Time (hours)
Sony PlayStation,10.399999999999999
Apple AirPods,10.29298245614035
LG OLED,9.247727272727273
Bose SoundLink Speaker,9.194444444444443
Nest Thermostat,8.840909090909092
Fitbit Versa Smartwatch,8.776851851851852
Samsung Galaxy,8.628125
Nikon D,8.472222222222221
LG Washing Machine,8.455882352941176
Adobe Photoshop,8.427380952380952
