Product Purchased,Average Resolution Time (hours)
LG Washing Machine,10.227777777777778
LG OLED,9.177192982456141
Nintendo Switch,9.057246376811595
Bose SoundLink Speaker,8.963978494623655
Samsung Galaxy,8.885714285714286
Fitbit Charge,8.786904761904761
Apple AirPods,8.61574074074074
Garmin Forerunner,8.593518518518518
Sony PlayStation,8.524193548387096
Asus ROG,8.459770114942529
